PROMPT CREATE TABLE MUSTERILER
CREATE TABLE MUSTERILER
(Musteri#  NUMBER(4),
Soyad VARCHAR2(10) NOT NULL,
Ad VARCHAR2(10) NOT NULL,
Adres VARCHAR2(20),
Sehir VARCHAR2(12),
Postakodu VARCHAR2(5),
Referans NUMBER(4),

  CONSTRAINT Musteriler_Musteri#_pk PRIMARY KEY(Musteri#));
  

INSERT INTO Musteriler
VALUES (1001, 'YILMAZ', 'OGUZ', 'YESIL TEKKE S.', 'ISTANBUL', '34040', NULL);
INSERT INTO Musteriler
VALUES (1002, 'TOKA', 'AHMET', 'HALICIOGLU S.', 'ANKARA', '06102', NULL);
INSERT INTO Musteriler 
VALUES (1003, 'YILDIRIM', 'HAKAN', 'AKDENIZ S.', 'ANTALYA', '07540', NULL); 
INSERT INTO Musteriler 
VALUES (1004, 'GUN', 'ATAKAN', 'MERIC S.', 'ISTANBUL', '34050', NULL); 
INSERT INTO Musteriler 
VALUES (1005, 'YUREK', 'MEHMET', 'SINAN TEKKE S.', 'KASTAMONU', '37010', NULL); 
INSERT INTO Musteriler 
VALUES (1006, 'CAN', 'KAAN', 'KECIOREN S.', 'ANKARA', '06100', NULL); 
INSERT INTO Musteriler 
VALUES (1007, 'DOGAN', 'MUSTAFA', 'KONAK S.', 'IZMIR', '35710', 1003); 
INSERT INTO Musteriler 
VALUES (1008, 'USTA', 'ALI', 'UNIVERSITE S.', 'ISTANBUL', '34003', NULL); 
INSERT INTO Musteriler 
VALUES (1009, 'GUNDUZ', 'YUCEL', 'ESENLER S.', 'ISTANBUL', '34510', 1003); 
INSERT INTO Musteriler 
VALUES (1010, 'TUNA', 'ILKNUR', 'ZEYREK S.', 'ADANA', '01314', NULL); 
INSERT INTO Musteriler 
VALUES (1011, 'BAYRAK', 'BIRSEL', 'MIRAS S.', 'IZMIR', '35606', NULL);  
INSERT INTO Musteriler 
VALUES (1012, 'KUZU', 'AYSE', 'MERYEMANA S.', 'TEKIRDAG', '59110', NULL); 
INSERT INTO Musteriler 
VALUES (1013, 'GUZEL', 'MELISA', 'AKSEMSEDDIN S.', 'KONYA', '42711', 1006); 
INSERT INTO Musteriler 
VALUES (1014, 'INCE', 'YASEMIN', 'ATIKALI S.', 'ISTANBUL', '34414', NULL); 
INSERT INTO Musteriler 
VALUES (1015, 'BUDAK', 'MURAT', 'BEYLIK S.', 'ISTANBUL', '34111', NULL); 
INSERT INTO Musteriler 
VALUES (1016, 'BERSE', 'BAHAR', 'GENCLER S.', 'ANKARA', '06508', 1010); 
INSERT INTO Musteriler 
VALUES (1017, 'IVEDIK', 'RECEP', 'MISAFIR S.', 'MERSIN', '33006', NULL); 
INSERT INTO Musteriler 
VALUES (1018, 'ATATURK', 'KEMAL', 'HARABE S.', 'ISTANBUL', '34206', NULL); 
INSERT INTO Musteriler 
VALUES (1019, 'OZGUR', 'SEMA', 'MULKIYET S.', 'CANKIRI', '18962', 1003); 
INSERT INTO Musteriler 
VALUES (1020, 'KILIC', 'FARUK', 'ATATURK S.', 'ANKARA', '06607', NULL); 
 
PROMPT CREATE TABLE SIPARISLER
CREATE TABLE Siparisler  
(Siparis# NUMBER(4), 
Musteri# NUMBER(4), 
SiparisTarihi DATE NOT NULL, 
TeslimatTarihi DATE, 
T_sokak VARCHAR2(18), 
T_sehir VARCHAR2(15), 
T_Postakodu VARCHAR2(5),
T_Maliyeti NUMBER(4,2),
  CONSTRAINT Siparisler _Siparis#_pk PRIMARY KEY(Siparis#),
  CONSTRAINT Siparisler _Musteri#_fk FOREIGN KEY (Musteri#)
    REFERENCES Musteriler(Musteri#)); 
 
INSERT INTO Siparisler
VALUES (1000,1005,'30-03-21','02-04-21','SINAN TEKKE S.', 'KASTAMONU', '37010' , 2.00); 
INSERT INTO Siparisler 
VALUES (1001,1010,'30-03-21','01-04-21', 'ZEYREK S.', 'ADANA', '01314', '30314', 3.00); 
INSERT INTO Siparisler 
VALUES (1002,1011,'30-03-21','01-04-21','MIRAS S.', 'IZMIR', '35606', 3.00); 
INSERT INTO Siparisler  
VALUES (1003,1001,'01-04-21','01-04-21','YESIL TEKKE S.', 'ISTANBUL', '34040', 4.00); 
INSERT INTO Siparisler  
VALUES (1004,1020,'01-04-21','05-04-21','ATATURK S.', 'ANKARA', '06607', NULL); 
INSERT INTO Siparisler 
VALUES (1005,1018,'01-04-21','02-04-21', 'HARABE S.', 'ISTANBUL', '34206', 2.00); 
INSERT INTO Siparisler  
VALUES (1006,1003,'01-04-21','02-04-21','AKDENIZ S.', 'ANTALYA', '07540', 2.00); 
INSERT INTO Siparisler 
VALUES (1007,1007,'02-04-21','04-04-21', 'KONAK S.', 'IZMIR', '35710', 7.00); 
INSERT INTO Siparisler  
VALUES (1008,1004,'02-04-21','03-04-21', 'MERIC S.', 'ISTANBUL', '34050', 3.00); 
INSERT INTO Siparisler 
VALUES (1009,1005,'03-04-21','05-04-21','SINAN TEKKE S.', 'KASTAMONU', '37010', NULL); 
INSERT INTO Siparisler 
VALUES (1010,1019,'03-04-21','04-04-21','MULKIYET S.', 'CANKIRI', '18962', 2.00); 
INSERT INTO Siparisler  
VALUES (1011,1010,'03-04-21','05-04-21', 'BEYLIK S.', 'ISTANBUL', '34111', 2.00); 
INSERT INTO Siparisler  
VALUES (1012,1017,'03-04-21',NULL, 'MISAFIR S.', 'MERSIN', '33006', 6.00); 
INSERT INTO Siparisler 
VALUES (1013,1014,'03-04-21','04-04-21','ATIKALI S.', 'ISTANBUL', '34414', 2.00); 
INSERT INTO Siparisler 
VALUES (1014,1007,'04-04-21','05-04-21', 'KONAK S.', 'IZMIR', '35710', 3.00); 
INSERT INTO Siparisler  
VALUES (1015,1020,'04-04-21',NULL,'ATATURK S.', 'ANKARA', '06607', 2.00); 
INSERT INTO Siparisler  
VALUES (1016,1003,'04-04-21',NULL,'9901 SEMINOLE WAY', 'TALLAHASSEE', '32307', 2.00); 
INSERT INTO Siparisler  
VALUES (1017,1015,'04-04-21','05-APR-21','MISAFIR S.', 'MERSIN', '33006', 3.00); 
INSERT INTO Siparisler 
VALUES (1018,1001,'05-04-21',NULL,'AKDENIZ S.', 'ANTALYA', '07540', NULL); 
INSERT INTO Siparisler  
VALUES (1019,1018,'05-04-21',NULL, 'HARABE S.', 'ISTANBUL', '34206', 2.00); 
INSERT INTO Siparisler  
VALUES (1020,1008,'05-04-21',NULL,'UNIVERSITE S.', 'ISTANBUL', '34003', 2.00); 
  
 
PROMPT CREATE TABLE YAYINEVI
CREATE TABLE YAYINEVI 
(Yayinid NUMBER(2), 
isim VARCHAR2(23), 
temas VARCHAR2(15), 
telefon VARCHAR2(12),
  CONSTRAINT yayinevi_yayinid_pk PRIMARY KEY(yayinid)); 
 
INSERT INTO YAYINEVI
VALUES(1,'PRINTING IS US','TOMMIE SEYMOUR','000-714-8321'); 
INSERT INTO YAYINEVI 
VALUES(2,'PUBLISH OUR WAY','JANE TOMLIN','010-410-0010'); 
INSERT INTO YAYINEVI
VALUES(3,'AMERICAN PUBLISHING','DAVID DAVIDSON','800-555-1211'); 
INSERT INTO YAYINEVI 
VALUES(4,'READING MATERIALS INC.','RENEE SMITH','800-555-9743'); 
INSERT INTO YAYINEVI 
VALUES(5,'REED-N-RITE','SEBASTIAN JONES','800-555-8284'); 
 
PROMPT CREATE TABLE YAZARLAR
CREATE TABLE YAZARLAR
(yazarid VARCHAR2(4), 
soyisim VARCHAR2(10), 
ilkisim VARCHAR2(10),
  CONSTRAINT yazarlar_yazarid_pk PRIMARY KEY(yazarid)); 
 
INSERT INTO YAZARLAR
VALUES ('S100','SMITH', 'SAM'); 
INSERT INTO YAZARLAR 
VALUES ('J100','JONES','JANICE'); 
INSERT INTO YAZARLAR 
VALUES ('A100','AUSTIN','JAMES'); 
INSERT INTO YAZARLAR 
VALUES ('M100','MARTINEZ','SHEILA'); 
INSERT INTO YAZARLAR 
VALUES ('K100','KZOCHSKY','TAMARA'); 
INSERT INTO YAZARLAR 
VALUES ('P100','PORTER','LISA'); 
INSERT INTO YAZARLAR 
VALUES ('A105','ADAMS','JUAN'); 
INSERT INTO YAZARLAR 
VALUES ('B100','BAKER','JACK');  
INSERT INTO YAZARLAR 
VALUES ('P105','PETERSON','TINA'); 
INSERT INTO YAZARLAR 
VALUES ('W100','WHITE','WILLIAM'); 
INSERT INTO YAZARLAR 
VALUES ('W105','WHITE','LISA'); 
INSERT INTO YAZARLAR 
VALUES ('R100','ROBINSON','ROBERT'); 
INSERT INTO YAZARLAR 
VALUES ('F100','FIELDS','OSCAR'); 
INSERT INTO YAZARLAR 
VALUES ('W110','WILKINSON','ANTHONY'); 
 
PROMPT CREATE TABLE KITAPLAR
CREATE TABLE KITAPLAR
(ISBN VARCHAR2(10), 
Baslik VARCHAR2(30), 
Yayintarihi DATE, 
Yayinid NUMBER (2), 
Maliyet NUMBER (5,2), 
SatisFiyati NUMBER (5,2), 
Indirim NUMBER (4,2),
Kategori VARCHAR2(12),
  CONSTRAINT kitaplar_isbn_pk PRIMARY KEY(isbn),
  CONSTRAINT kitaplar_yayinid_fk FOREIGN KEY (yayinid)
    REFERENCES yayinevi (yayinid)); 
 
INSERT INTO KITAPLAR
VALUES ('1059831198','BODYBUILD IN 10 MINUTES A DAY','21-01-05',4,18.75,30.95, NULL, 'FITNESS'); 
INSERT INTO KITAPLAR
VALUES ('0401140733','REVENGE OF MICKEY','14-11-05',1,14.20,22.00, NULL, 'AILE HAYATI'); 
INSERT INTO KITAPLAR
VALUES ('4981341710','BUILDING A CAR WITH TOOTHPICKS','18-03-06',2,37.80,59.95, 3.00, 'COCUKLAR'); 
INSERT INTO KITAPLAR
VALUES ('8843172113','DATABASE IMPLEMENTATION','04-06-03',3,31.40,55.95, NULL, 'BILGISAYAR'); 
INSERT INTO KITAPLAR
VALUES ('3437212490','COOKING WITH MUSHROOMS','28-02-04',4,12.50,19.95, NULL, 'COOKING'); 
INSERT INTO KITAPLAR 
VALUES ('3957136468','HOLY GRAIL OF ORACLE','30-11-05',3,47.25,75.95, 3.80, 'BILGISAYAR'); 
INSERT INTO KITAPLAR 
VALUES ('1915762492','HANDCRANKED COMPUTERS','21-01-05',3,21.80,25.00, NULL, 'BILGISAYAR'); 
INSERT INTO KITAPLAR
VALUES ('9959789321','E-BUSINESS THE EASY WAY','01-03-06',2,37.90,54.50, NULL, 'BILGISAYAR'); 
INSERT INTO KITAPLAR
VALUES ('2491748320','PAINLESS CHILD-REARING','17-06-04',5,48.00,89.95, 4.50, 'AILE HAYATI'); 
INSERT INTO KITAPLAR
VALUES ('0299282519','THE WOK WAY TO COOK','11-09-04',4,19.00,28.75, NULL, 'YEMEK'); 
INSERT INTO KITAPLAR 
VALUES ('8117949391','BIG BEAR AND LITTLE DOVE','08-11-05',5,5.32,8.95, NULL, 'COCUKLAR'); 
INSERT INTO KITAPLAR
VALUES ('0132149871','HOW TO GET FASTER PIZZA','11-11-06',4,17.85,29.95, 1.50, 'KISISEL GELISIM'); 
INSERT INTO KITAPLAR 
VALUES ('9247381001','HOW TO MANAGE THE MANAGER','09-05-03',1,15.40,31.95, NULL,  'IS HAYATI'); 
INSERT INTO KITAPLAR 
VALUES ('2147428890','SHORTEST POEMS','01-05-05',5,21.85,39.95, NULL, 'LITERATUR'); 
 
PROMPT CREATE TABLE SIPARISICERIGI 
CREATE TABLE SIPARISICERIGI
     ( Siparis# NUMBER(4),
       Item# NUMBER(2),
       ISBN VARCHAR2(10),
       Adet NUMBER(3) NOT NULL, 
       Tutar NUMBER(5,2) NOT NULL,
       CONSTRAINT siparisicerigi_pk PRIMARY KEY (Siparis#, item#),
       CONSTRAINT siparisicerigi_Siparis#_fk FOREIGN KEY (Siparis#)
             REFERENCES Siparisler  (Siparis#) ,
       CONSTRAINT siparisicerigi_isbn_fk FOREIGN KEY (isbn)
             REFERENCES kitaplar (isbn) ,
       CONSTRAINT siparisicerigi_adet_ck CHECK (adet > 0) );
 
INSERT INTO SIPARISICERIGI 
VALUES (1000,1,'3437212490',1,19.95);  
INSERT INTO SIPARISICERIGI 
VALUES (1001,1,'9247381001',1,31.95);  
INSERT INTO SIPARISICERIGI 
VALUES (1001,2,'2491748320',1,85.45);  
INSERT INTO SIPARISICERIGI 
VALUES (1002,1,'8843172113',2,55.95);  
INSERT INTO SIPARISICERIGI 
VALUES (1003,1,'8843172113',1,55.95);  
INSERT INTO SIPARISICERIGI
VALUES (1003,2,'1059831198',1,30.95); 
INSERT INTO SIPARISICERIGI 
VALUES (1003,3,'3437212490',1,19.95); 
INSERT INTO SIPARISICERIGI 
VALUES (1004,1,'2491748320',2,85.45); 
INSERT INTO SIPARISICERIGI 
VALUES (1005,1,'2147428890',1,39.95); 
INSERT INTO SIPARISICERIGI 
VALUES (1006,1,'9959789321',1,54.50); 
INSERT INTO SIPARISICERIGI 
VALUES (1007,1,'3957136468',3,72.15); 
INSERT INTO SIPARISICERIGI 
VALUES (1007,2,'9959789321',1,54.50); 
INSERT INTO SIPARISICERIGI 
VALUES (1007,3,'8117949391',1,8.95); 
INSERT INTO SIPARISICERIGI 
VALUES (1007,4,'8843172113',1,55.95); 
INSERT INTO SIPARISICERIGI 
VALUES (1008,1,'3437212490',2,19.95); 
INSERT INTO SIPARISICERIGI 
VALUES (1009,1,'3437212490',1,19.95); 
INSERT INTO SIPARISICERIGI 
VALUES (1009,2,'0401140733',1,22.00); 
INSERT INTO SIPARISICERIGI 
VALUES (1010,1,'8843172113',1,55.95); 
INSERT INTO SIPARISICERIGI 
VALUES (1011,1,'2491748320',1,85.45); 
INSERT INTO SIPARISICERIGI 
VALUES (1012,1,'8117949391',1,8.95); 
INSERT INTO SIPARISICERIGI 
VALUES (1012,2,'1915762492',2,25.00); 
INSERT INTO SIPARISICERIGI 
VALUES (1012,3,'2491748320',1,85.45); 
INSERT INTO SIPARISICERIGI 
VALUES (1012,4,'0401140733',1,22.00); 
INSERT INTO SIPARISICERIGI 
VALUES (1013,1,'8843172113',1,55.95); 
INSERT INTO SIPARISICERIGI 
VALUES (1014,1,'0401140733',2,22.00); 
INSERT INTO SIPARISICERIGI
VALUES (1015,1,'3437212490',1,19.95); 
INSERT INTO SIPARISICERIGI 
VALUES (1016,1,'2491748320',1,85.45); 
INSERT INTO SIPARISICERIGI
VALUES (1017,1,'8117949391',2,8.95); 
INSERT INTO SIPARISICERIGI
VALUES (1018,1,'3437212490',1,19.95); 
INSERT INTO SIPARISICERIGI 
VALUES (1018,2,'8843172113',1,55.95); 
INSERT INTO SIPARISICERIGI 
VALUES (1019,1,'0401140733',1,22.00); 
INSERT INTO SIPARISICERIGI 
VALUES (1020,1,'3437212490',1,19.95); 
 
PROMPT CREATE TABLE YAZAR 
CREATE TABLE YAZAR 
(ISBN VARCHAR2(10), 
 Yazarid VARCHAR2(4),
  CONSTRAINT yazar_pk PRIMARY KEY (isbn, yazarid),
  CONSTRAINT yazar_isbn_fk FOREIGN KEY (isbn)
             REFERENCES kitaplar (isbn),
  CONSTRAINT yazar_yazarid_fk FOREIGN KEY (yazarid)
             REFERENCES yazarlar (yazarid)); 
 
INSERT INTO YAZAR 
VALUES ('1059831198','S100'); 
INSERT INTO YAZAR  
VALUES ('1059831198','P100'); 
INSERT INTO YAZAR 
VALUES ('0401140733','J100'); 
INSERT INTO YAZAR  
VALUES ('4981341710','K100'); 
INSERT INTO YAZAR  
VALUES ('8843172113','P105'); 
INSERT INTO YAZAR  
VALUES ('8843172113','A100'); 
INSERT INTO YAZAR 
VALUES ('8843172113','A105'); 
INSERT INTO YAZAR  
VALUES ('3437212490','B100'); 
INSERT INTO YAZAR 
VALUES ('3957136468','A100'); 
INSERT INTO YAZAR 
VALUES ('1915762492','W100'); 
INSERT INTO YAZAR 
VALUES ('1915762492','W105'); 
INSERT INTO YAZAR 
VALUES ('9959789321','J100'); 
INSERT INTO YAZAR 
VALUES ('2491748320','R100'); 
INSERT INTO YAZAR  
VALUES ('2491748320','F100'); 
INSERT INTO YAZAR  
VALUES ('2491748320','B100'); 
INSERT INTO YAZAR 
VALUES ('0299282519','S100'); 
INSERT INTO YAZAR 
VALUES ('8117949391','R100'); 
INSERT INTO YAZAR 
VALUES ('0132149871','S100'); 
INSERT INTO YAZAR 
VALUES ('9247381001','W100'); 
INSERT INTO YAZAR 
VALUES ('2147428890','W105'); 
 
PROMPT CREATE TABLE PROMOSYON
CREATE TABLE PROMOSYON
(Hediye  varchar2(20), 
 Minsatis number(5,2), 
 Maxsatis number(5,2)); 
 
INSERT into PROMOSYON
 VALUES ('SAYFA AYRACI ', 0, 12); 
INSERT into PROMOSYON 
 VALUES ('KITAP ETIKETI', 12.01, 25); 
INSERT into PROMOSYON 
 VALUES ('KITAP IMI', 25.01, 56); 
INSERT into PROMOSYON 
 VALUES ('UCRETSIZ TESLIMAT', 56.01, 999.99); 
COMMIT; 
